,Train Loss,epoch,step,Val Loss,Val Acc,Test Loss,Test Acc,Model Type,Embedding
0,0.7371906042098999,0,49,,,,,LSTM,Glove
1,0.6067150831222534,0,99,,,,,LSTM,Glove
2,0.6892989873886108,0,149,,,,,LSTM,Glove
3,0.8763420581817627,0,199,,,,,LSTM,Glove
4,0.6813607811927795,0,249,,,,,LSTM,Glove
5,0.6714501976966858,0,299,,,,,LSTM,Glove
6,0.7689593434333801,0,349,,,,,LSTM,Glove
7,0.613950788974762,0,399,,,,,LSTM,Glove
8,0.6666248440742493,0,449,,,,,LSTM,Glove
9,0.6154270172119141,0,499,,,,,LSTM,Glove
10,0.5490640997886658,0,549,,,,,LSTM,Glove
11,0.4793034195899963,0,599,,,,,LSTM,Glove
12,0.7489793300628662,0,649,,,,,LSTM,Glove
13,0.4294100403785705,0,699,,,,,LSTM,Glove
14,,0,703,0.481646329164505,0.7883999943733215,,,LSTM,Glove
15,0.690681517124176,1,749,,,,,LSTM,Glove
16,0.4378460049629211,1,799,,,,,LSTM,Glove
17,0.3974825143814087,1,849,,,,,LSTM,Glove
18,0.3118488490581512,1,899,,,,,LSTM,Glove
19,0.3461835384368896,1,949,,,,,LSTM,Glove
20,0.4705666601657867,1,999,,,,,LSTM,Glove
21,0.4410364031791687,1,1049,,,,,LSTM,Glove
22,0.5406931042671204,1,1099,,,,,LSTM,Glove
23,0.3730287849903106,1,1149,,,,,LSTM,Glove
24,0.2138638943433761,1,1199,,,,,LSTM,Glove
25,0.326861023902893,1,1249,,,,,LSTM,Glove
26,0.3764768838882446,1,1299,,,,,LSTM,Glove
27,0.1909912973642349,1,1349,,,,,LSTM,Glove
28,0.3689000308513641,1,1399,,,,,LSTM,Glove
29,,1,1407,0.3355467617511749,0.8555999994277954,,,LSTM,Glove
30,0.445070207118988,2,1449,,,,,LSTM,Glove
31,0.1320070475339889,2,1499,,,,,LSTM,Glove
32,0.4612399339675903,2,1549,,,,,LSTM,Glove
33,0.5048889517784119,2,1599,,,,,LSTM,Glove
34,0.4694476127624511,2,1649,,,,,LSTM,Glove
35,0.3712563216686249,2,1699,,,,,LSTM,Glove
36,0.1806097626686096,2,1749,,,,,LSTM,Glove
37,0.1983613818883896,2,1799,,,,,LSTM,Glove
38,0.2767850160598755,2,1849,,,,,LSTM,Glove
39,0.3959143161773681,2,1899,,,,,LSTM,Glove
40,0.3865560591220855,2,1949,,,,,LSTM,Glove
41,0.2837160527706146,2,1999,,,,,LSTM,Glove
42,0.3492529690265655,2,2049,,,,,LSTM,Glove
43,0.412170797586441,2,2099,,,,,LSTM,Glove
44,,2,2111,0.3044838607311249,0.8715999722480774,,,LSTM,Glove
45,0.1982650607824325,3,2149,,,,,LSTM,Glove
46,0.2756023705005646,3,2199,,,,,LSTM,Glove
47,0.2122935950756073,3,2249,,,,,LSTM,Glove
48,0.174130767583847,3,2299,,,,,LSTM,Glove
49,0.3313494026660919,3,2349,,,,,LSTM,Glove
50,0.3196347057819366,3,2399,,,,,LSTM,Glove
51,0.2286264598369598,3,2449,,,,,LSTM,Glove
52,0.4071118235588074,3,2499,,,,,LSTM,Glove
53,0.2371836006641388,3,2549,,,,,LSTM,Glove
54,0.3477285504341125,3,2599,,,,,LSTM,Glove
55,0.2731217741966247,3,2649,,,,,LSTM,Glove
56,0.3957608640193939,3,2699,,,,,LSTM,Glove
57,0.3038896024227142,3,2749,,,,,LSTM,Glove
58,0.3110548853874206,3,2799,,,,,LSTM,Glove
59,,3,2815,0.3021899461746216,0.8748000264167786,,,LSTM,Glove
60,0.2078155130147934,4,2849,,,,,LSTM,Glove
61,0.2217790931463241,4,2899,,,,,LSTM,Glove
62,0.2434952706098556,4,2949,,,,,LSTM,Glove
63,0.2715607285499573,4,2999,,,,,LSTM,Glove
64,0.277598112821579,4,3049,,,,,LSTM,Glove
65,0.2437935173511505,4,3099,,,,,LSTM,Glove
66,0.3629451096057892,4,3149,,,,,LSTM,Glove
67,0.1726701855659485,4,3199,,,,,LSTM,Glove
68,0.2505179047584533,4,3249,,,,,LSTM,Glove
69,0.1918027102947235,4,3299,,,,,LSTM,Glove
70,0.2782138884067535,4,3349,,,,,LSTM,Glove
71,0.1982699483633041,4,3399,,,,,LSTM,Glove
72,0.3051187992095947,4,3449,,,,,LSTM,Glove
73,0.1603262573480606,4,3499,,,,,LSTM,Glove
74,,4,3519,0.2775891721248626,0.8840000033378601,,,LSTM,Glove
75,0.2160995453596115,5,3549,,,,,LSTM,Glove
76,0.2637750804424286,5,3599,,,,,LSTM,Glove
77,0.1541294306516647,5,3649,,,,,LSTM,Glove
78,0.16104157269001,5,3699,,,,,LSTM,Glove
79,0.1355713009834289,5,3749,,,,,LSTM,Glove
80,0.244511067867279,5,3799,,,,,LSTM,Glove
81,0.3442126214504242,5,3849,,,,,LSTM,Glove
82,0.19778972864151,5,3899,,,,,LSTM,Glove
83,0.2105663567781448,5,3949,,,,,LSTM,Glove
84,0.176173448562622,5,3999,,,,,LSTM,Glove
85,0.396657645702362,5,4049,,,,,LSTM,Glove
86,0.4354095160961151,5,4099,,,,,LSTM,Glove
87,0.1695387214422226,5,4149,,,,,LSTM,Glove
88,0.2874232828617096,5,4199,,,,,LSTM,Glove
89,,5,4223,0.2720927596092224,0.8835999965667725,,,LSTM,Glove
90,0.4247832894325256,6,4249,,,,,LSTM,Glove
91,0.1001840606331825,6,4299,,,,,LSTM,Glove
92,0.1997989416122436,6,4349,,,,,LSTM,Glove
93,0.3174986839294433,6,4399,,,,,LSTM,Glove
94,0.283311665058136,6,4449,,,,,LSTM,Glove
95,0.2363339811563491,6,4499,,,,,LSTM,Glove
96,0.2320939749479293,6,4549,,,,,LSTM,Glove
97,0.2461632937192917,6,4599,,,,,LSTM,Glove
98,0.2078791558742523,6,4649,,,,,LSTM,Glove
99,0.1670052856206894,6,4699,,,,,LSTM,Glove
100,0.2584282159805298,6,4749,,,,,LSTM,Glove
101,0.2093264907598495,6,4799,,,,,LSTM,Glove
102,0.2024832218885421,6,4849,,,,,LSTM,Glove
103,0.1941859722137451,6,4899,,,,,LSTM,Glove
104,,6,4927,0.2697766721248626,0.8823999762535095,,,LSTM,Glove
105,0.0955510213971138,7,4949,,,,,LSTM,Glove
106,0.5440987944602966,7,4999,,,,,LSTM,Glove
107,0.1126848086714744,7,5049,,,,,LSTM,Glove
108,0.3152922391891479,7,5099,,,,,LSTM,Glove
109,0.1820546686649322,7,5149,,,,,LSTM,Glove
110,0.0702560320496559,7,5199,,,,,LSTM,Glove
111,0.2415533512830734,7,5249,,,,,LSTM,Glove
112,0.1688741594552993,7,5299,,,,,LSTM,Glove
113,0.1950097382068634,7,5349,,,,,LSTM,Glove
114,0.3181573152542114,7,5399,,,,,LSTM,Glove
115,0.34389528632164,7,5449,,,,,LSTM,Glove
116,0.189650759100914,7,5499,,,,,LSTM,Glove
117,0.1624501794576645,7,5549,,,,,LSTM,Glove
118,0.305667519569397,7,5599,,,,,LSTM,Glove
119,,7,5631,0.3159305155277252,0.8632000088691711,,,LSTM,Glove
120,0.0676211789250373,8,5649,,,,,LSTM,Glove
121,0.1927301883697509,8,5699,,,,,LSTM,Glove
122,0.2062690258026123,8,5749,,,,,LSTM,Glove
123,0.1097418218851089,8,5799,,,,,LSTM,Glove
124,0.2726005017757416,8,5849,,,,,LSTM,Glove
125,0.2342086285352707,8,5899,,,,,LSTM,Glove
126,0.2980695962905884,8,5949,,,,,LSTM,Glove
127,0.2618418633937835,8,5999,,,,,LSTM,Glove
128,0.2768782377243042,8,6049,,,,,LSTM,Glove
129,0.211820513010025,8,6099,,,,,LSTM,Glove
130,0.2746542990207672,8,6149,,,,,LSTM,Glove
131,0.2191627323627472,8,6199,,,,,LSTM,Glove
132,0.1663009524345398,8,6249,,,,,LSTM,Glove
133,0.2347644567489624,8,6299,,,,,LSTM,Glove
134,,8,6335,0.2932349741458893,0.8863999843597412,,,LSTM,Glove
135,0.1487040072679519,9,6349,,,,,LSTM,Glove
136,0.081912837922573,9,6399,,,,,LSTM,Glove
137,0.3251594305038452,9,6449,,,,,LSTM,Glove
138,0.102191649377346,9,6499,,,,,LSTM,Glove
139,0.0337587483227252,9,6549,,,,,LSTM,Glove
140,0.0344550609588623,9,6599,,,,,LSTM,Glove
141,0.0602686740458011,9,6649,,,,,LSTM,Glove
142,0.0920009464025497,9,6699,,,,,LSTM,Glove
143,0.2809076011180877,9,6749,,,,,LSTM,Glove
144,0.3300202786922455,9,6799,,,,,LSTM,Glove
145,0.1337918639183044,9,6849,,,,,LSTM,Glove
146,0.1935119926929474,9,6899,,,,,LSTM,Glove
147,0.1525973528623581,9,6949,,,,,LSTM,Glove
148,0.1919098794460296,9,6999,,,,,LSTM,Glove
149,,9,7039,0.2854216694831848,0.8844000101089478,,,LSTM,Glove
150,0.1255631744861602,10,7049,,,,,LSTM,Glove
151,0.1324967145919799,10,7099,,,,,LSTM,Glove
152,0.111678697168827,10,7149,,,,,LSTM,Glove
153,0.0604819878935813,10,7199,,,,,LSTM,Glove
154,0.06478001922369,10,7249,,,,,LSTM,Glove
155,0.180314689874649,10,7299,,,,,LSTM,Glove
156,0.123222105205059,10,7349,,,,,LSTM,Glove
157,0.1067357137799263,10,7399,,,,,LSTM,Glove
158,0.2393754720687866,10,7449,,,,,LSTM,Glove
159,0.2785369455814361,10,7499,,,,,LSTM,Glove
160,0.0803536400198936,10,7549,,,,,LSTM,Glove
161,0.0621170029044151,10,7599,,,,,LSTM,Glove
162,0.1510922610759735,10,7649,,,,,LSTM,Glove
163,0.1799183040857315,10,7699,,,,,LSTM,Glove
164,,10,7743,0.3202018439769745,0.8880000114440918,,,LSTM,Glove
165,0.0324693024158477,11,7749,,,,,LSTM,Glove
166,0.0172869078814983,11,7799,,,,,LSTM,Glove
167,0.1193378195166587,11,7849,,,,,LSTM,Glove
168,0.0382322296500206,11,7899,,,,,LSTM,Glove
169,0.1608926802873611,11,7949,,,,,LSTM,Glove
170,0.0126742338761687,11,7999,,,,,LSTM,Glove
171,0.1307248026132583,11,8049,,,,,LSTM,Glove
172,0.084346167743206,11,8099,,,,,LSTM,Glove
173,0.0494738854467868,11,8149,,,,,LSTM,Glove
174,0.0426673777401447,11,8199,,,,,LSTM,Glove
175,0.0762265771627426,11,8249,,,,,LSTM,Glove
176,0.1102705895900726,11,8299,,,,,LSTM,Glove
177,0.0212281644344329,11,8349,,,,,LSTM,Glove
178,0.1345769315958023,11,8399,,,,,LSTM,Glove
179,,11,8447,0.3756986260414123,0.885200023651123,,,LSTM,Glove
180,0.053475983440876,12,8449,,,,,LSTM,Glove
181,0.1652912348508834,12,8499,,,,,LSTM,Glove
182,0.1049991324543953,12,8549,,,,,LSTM,Glove
183,0.0239611156284809,12,8599,,,,,LSTM,Glove
184,0.0345050878822803,12,8649,,,,,LSTM,Glove
185,0.0168111640959978,12,8699,,,,,LSTM,Glove
186,0.1744073182344436,12,8749,,,,,LSTM,Glove
187,0.0417357496917247,12,8799,,,,,LSTM,Glove
188,0.0460520610213279,12,8849,,,,,LSTM,Glove
189,0.0761596336960792,12,8899,,,,,LSTM,Glove
190,0.0901781916618347,12,8949,,,,,LSTM,Glove
191,0.0298618804663419,12,8999,,,,,LSTM,Glove
192,0.1498444825410843,12,9049,,,,,LSTM,Glove
193,0.0510081015527248,12,9099,,,,,LSTM,Glove
194,0.037255473434925,12,9149,,,,,LSTM,Glove
195,,12,9151,0.4013781547546386,0.8855999708175659,,,LSTM,Glove
196,,12,9152,,,0.4061802625656128,0.8816800117492676,LSTM,Glove
0,0.6723810434341431,0,49,,,,,LSTM,FastText
1,0.6621856093406677,0,99,,,,,LSTM,FastText
2,0.7345596551895142,0,149,,,,,LSTM,FastText
3,0.4692769050598144,0,199,,,,,LSTM,FastText
4,0.6822577118873596,0,249,,,,,LSTM,FastText
5,0.6434853672981262,0,299,,,,,LSTM,FastText
6,0.7032246589660645,0,349,,,,,LSTM,FastText
7,0.694815456867218,0,399,,,,,LSTM,FastText
8,0.6690620183944702,0,449,,,,,LSTM,FastText
9,0.6760706901550293,0,499,,,,,LSTM,FastText
10,0.6986095309257507,0,549,,,,,LSTM,FastText
11,0.6800143718719482,0,599,,,,,LSTM,FastText
12,0.5563560724258423,0,649,,,,,LSTM,FastText
13,0.5792326927185059,0,699,,,,,LSTM,FastText
14,,0,703,0.5769696831703186,0.730400025844574,,,LSTM,FastText
15,0.4998606145381927,1,749,,,,,LSTM,FastText
16,0.5810062885284424,1,799,,,,,LSTM,FastText
17,0.3496666550636291,1,849,,,,,LSTM,FastText
18,0.3407701551914215,1,899,,,,,LSTM,FastText
19,0.2584105432033539,1,949,,,,,LSTM,FastText
20,0.5287588238716125,1,999,,,,,LSTM,FastText
21,0.5852361917495728,1,1049,,,,,LSTM,FastText
22,0.37063929438591,1,1099,,,,,LSTM,FastText
23,0.2895891964435577,1,1149,,,,,LSTM,FastText
24,0.3072902262210846,1,1199,,,,,LSTM,FastText
25,0.3809894323348999,1,1249,,,,,LSTM,FastText
26,0.3760833144187927,1,1299,,,,,LSTM,FastText
27,0.3170348405838012,1,1349,,,,,LSTM,FastText
28,0.5839228630065918,1,1399,,,,,LSTM,FastText
29,,1,1407,0.3628008663654327,0.8452000021934509,,,LSTM,FastText
30,0.3575986325740814,2,1449,,,,,LSTM,FastText
31,0.4302490055561065,2,1499,,,,,LSTM,FastText
32,0.4654675126075744,2,1549,,,,,LSTM,FastText
33,0.1836458444595337,2,1599,,,,,LSTM,FastText
34,0.1574123501777649,2,1649,,,,,LSTM,FastText
35,0.2217565774917602,2,1699,,,,,LSTM,FastText
36,0.47524094581604,2,1749,,,,,LSTM,FastText
37,0.3030132055282593,2,1799,,,,,LSTM,FastText
38,0.3749991655349731,2,1849,,,,,LSTM,FastText
39,0.4672788381576538,2,1899,,,,,LSTM,FastText
40,0.3802331686019897,2,1949,,,,,LSTM,FastText
41,0.3421281576156616,2,1999,,,,,LSTM,FastText
42,0.404823362827301,2,2049,,,,,LSTM,FastText
43,0.5751292705535889,2,2099,,,,,LSTM,FastText
44,,2,2111,0.334468811750412,0.8539999723434448,,,LSTM,FastText
45,0.3708025217056274,3,2149,,,,,LSTM,FastText
46,0.2000802457332611,3,2199,,,,,LSTM,FastText
47,0.3075368404388428,3,2249,,,,,LSTM,FastText
48,0.3229079842567444,3,2299,,,,,LSTM,FastText
49,0.3940876424312591,3,2349,,,,,LSTM,FastText
50,0.3054475486278534,3,2399,,,,,LSTM,FastText
51,0.2803882956504822,3,2449,,,,,LSTM,FastText
52,0.5297540426254272,3,2499,,,,,LSTM,FastText
53,0.3986579775810241,3,2549,,,,,LSTM,FastText
54,0.3308148086071014,3,2599,,,,,LSTM,FastText
55,0.2621211111545563,3,2649,,,,,LSTM,FastText
56,0.2241738587617874,3,2699,,,,,LSTM,FastText
57,0.2749607563018799,3,2749,,,,,LSTM,FastText
58,0.3327939510345459,3,2799,,,,,LSTM,FastText
59,,3,2815,0.3379414677619934,0.8575999736785889,,,LSTM,FastText
60,0.3243593275547027,4,2849,,,,,LSTM,FastText
61,0.2701091766357422,4,2899,,,,,LSTM,FastText
62,0.5678195357322693,4,2949,,,,,LSTM,FastText
63,0.3054061532020569,4,2999,,,,,LSTM,FastText
64,0.1627018004655838,4,3049,,,,,LSTM,FastText
65,0.3553908765316009,4,3099,,,,,LSTM,FastText
66,0.1646484285593032,4,3149,,,,,LSTM,FastText
67,0.1329232603311538,4,3199,,,,,LSTM,FastText
68,0.2667919099330902,4,3249,,,,,LSTM,FastText
69,0.3250846564769745,4,3299,,,,,LSTM,FastText
70,0.2690161466598511,4,3349,,,,,LSTM,FastText
71,0.2469864040613174,4,3399,,,,,LSTM,FastText
72,0.4892103672027588,4,3449,,,,,LSTM,FastText
73,0.3394482731819153,4,3499,,,,,LSTM,FastText
74,,4,3519,0.3114089667797088,0.8672000169754028,,,LSTM,FastText
75,0.1968166381120681,5,3549,,,,,LSTM,FastText
76,0.3909074068069458,5,3599,,,,,LSTM,FastText
77,0.3864749670028686,5,3649,,,,,LSTM,FastText
78,0.4636059403419494,5,3699,,,,,LSTM,FastText
79,0.37548828125,5,3749,,,,,LSTM,FastText
80,0.2491489648818969,5,3799,,,,,LSTM,FastText
81,0.1707165986299514,5,3849,,,,,LSTM,FastText
82,0.2494901716709137,5,3899,,,,,LSTM,FastText
83,0.3193666338920593,5,3949,,,,,LSTM,FastText
84,0.3380205333232879,5,3999,,,,,LSTM,FastText
85,0.1321321725845337,5,4049,,,,,LSTM,FastText
86,0.2471280544996261,5,4099,,,,,LSTM,FastText
87,0.2944020926952362,5,4149,,,,,LSTM,FastText
88,0.1776734143495559,5,4199,,,,,LSTM,FastText
89,,5,4223,0.3098255097866058,0.8615999817848206,,,LSTM,FastText
90,0.1541637927293777,6,4249,,,,,LSTM,FastText
91,0.2846391201019287,6,4299,,,,,LSTM,FastText
92,0.2680191397666931,6,4349,,,,,LSTM,FastText
93,0.1567330509424209,6,4399,,,,,LSTM,FastText
94,0.3141982555389404,6,4449,,,,,LSTM,FastText
95,0.3135081827640533,6,4499,,,,,LSTM,FastText
96,0.284682959318161,6,4549,,,,,LSTM,FastText
97,0.3083527088165283,6,4599,,,,,LSTM,FastText
98,0.4236376881599426,6,4649,,,,,LSTM,FastText
99,0.2720879316329956,6,4699,,,,,LSTM,FastText
100,0.4349445104598999,6,4749,,,,,LSTM,FastText
101,0.3600926399230957,6,4799,,,,,LSTM,FastText
102,0.2294398248195648,6,4849,,,,,LSTM,FastText
103,0.2936611175537109,6,4899,,,,,LSTM,FastText
104,,6,4927,0.307842493057251,0.8632000088691711,,,LSTM,FastText
105,0.1895221322774887,7,4949,,,,,LSTM,FastText
106,0.2898465991020202,7,4999,,,,,LSTM,FastText
107,0.2318124622106552,7,5049,,,,,LSTM,FastText
108,0.1993770748376846,7,5099,,,,,LSTM,FastText
109,0.208213210105896,7,5149,,,,,LSTM,FastText
110,0.2122778296470642,7,5199,,,,,LSTM,FastText
111,0.229019895195961,7,5249,,,,,LSTM,FastText
112,0.1836595088243484,7,5299,,,,,LSTM,FastText
113,0.2226303517818451,7,5349,,,,,LSTM,FastText
114,0.3165439367294311,7,5399,,,,,LSTM,FastText
115,0.2784167230129242,7,5449,,,,,LSTM,FastText
116,0.1111198216676712,7,5499,,,,,LSTM,FastText
117,0.3113479018211365,7,5549,,,,,LSTM,FastText
118,0.1715705245733261,7,5599,,,,,LSTM,FastText
119,,7,5631,0.3324223160743713,0.86080002784729,,,LSTM,FastText
120,0.3282288312911987,8,5649,,,,,LSTM,FastText
121,0.2636743783950805,8,5699,,,,,LSTM,FastText
122,0.2371521294116974,8,5749,,,,,LSTM,FastText
123,0.318621426820755,8,5799,,,,,LSTM,FastText
124,0.1272800862789154,8,5849,,,,,LSTM,FastText
125,0.2522216141223907,8,5899,,,,,LSTM,FastText
126,0.1428249925374984,8,5949,,,,,LSTM,FastText
127,0.1187783703207969,8,5999,,,,,LSTM,FastText
128,0.2417531460523605,8,6049,,,,,LSTM,FastText
129,0.2647742629051208,8,6099,,,,,LSTM,FastText
130,0.2923992872238159,8,6149,,,,,LSTM,FastText
131,0.3987458348274231,8,6199,,,,,LSTM,FastText
132,0.1782340705394745,8,6249,,,,,LSTM,FastText
133,0.1830670833587646,8,6299,,,,,LSTM,FastText
134,,8,6335,0.3165931105613708,0.8708000183105469,,,LSTM,FastText
135,0.243125706911087,9,6349,,,,,LSTM,FastText
136,0.384030669927597,9,6399,,,,,LSTM,FastText
137,0.0913943201303482,9,6449,,,,,LSTM,FastText
138,0.1513581871986389,9,6499,,,,,LSTM,FastText
139,0.1199182718992233,9,6549,,,,,LSTM,FastText
140,0.1761858165264129,9,6599,,,,,LSTM,FastText
141,0.3901534676551819,9,6649,,,,,LSTM,FastText
142,0.2130429595708847,9,6699,,,,,LSTM,FastText
143,0.195927545428276,9,6749,,,,,LSTM,FastText
144,0.2559617459774017,9,6799,,,,,LSTM,FastText
145,0.1918256729841232,9,6849,,,,,LSTM,FastText
146,0.2135667353868484,9,6899,,,,,LSTM,FastText
147,0.1865147948265075,9,6949,,,,,LSTM,FastText
148,0.1530472040176391,9,6999,,,,,LSTM,FastText
149,,9,7039,0.3223661482334137,0.8604000210762024,,,LSTM,FastText
150,0.2746996879577636,10,7049,,,,,LSTM,FastText
151,0.2712363302707672,10,7099,,,,,LSTM,FastText
152,0.050929807126522,10,7149,,,,,LSTM,FastText
153,0.090351328253746,10,7199,,,,,LSTM,FastText
154,0.525280773639679,10,7249,,,,,LSTM,FastText
155,0.4041412770748138,10,7299,,,,,LSTM,FastText
156,0.1160278245806694,10,7349,,,,,LSTM,FastText
157,0.1550074219703674,10,7399,,,,,LSTM,FastText
158,0.1448104530572891,10,7449,,,,,LSTM,FastText
159,0.1410423070192337,10,7499,,,,,LSTM,FastText
160,0.1971045732498169,10,7549,,,,,LSTM,FastText
161,0.1341557949781417,10,7599,,,,,LSTM,FastText
162,0.1096518039703369,10,7649,,,,,LSTM,FastText
163,0.2206930518150329,10,7699,,,,,LSTM,FastText
164,,10,7743,0.3822034299373626,0.8555999994277954,,,LSTM,FastText
165,0.1288692951202392,11,7749,,,,,LSTM,FastText
166,0.1740373820066452,11,7799,,,,,LSTM,FastText
167,0.2368187457323074,11,7849,,,,,LSTM,FastText
168,0.137318730354309,11,7899,,,,,LSTM,FastText
169,0.1658376604318618,11,7949,,,,,LSTM,FastText
170,0.0676506981253624,11,7999,,,,,LSTM,FastText
171,0.0519832447171211,11,8049,,,,,LSTM,FastText
172,0.1346073299646377,11,8099,,,,,LSTM,FastText
173,0.1012479960918426,11,8149,,,,,LSTM,FastText
174,0.2523362040519714,11,8199,,,,,LSTM,FastText
175,0.11641825735569,11,8249,,,,,LSTM,FastText
176,0.2029905766248703,11,8299,,,,,LSTM,FastText
177,0.2763719260692596,11,8349,,,,,LSTM,FastText
178,0.1461763381958007,11,8399,,,,,LSTM,FastText
179,,11,8447,0.387136846780777,0.8708000183105469,,,LSTM,FastText
180,0.0691538974642753,12,8449,,,,,LSTM,FastText
181,0.1351079642772674,12,8499,,,,,LSTM,FastText
182,0.0630188882350921,12,8549,,,,,LSTM,FastText
183,0.1014251634478569,12,8599,,,,,LSTM,FastText
184,0.1771035641431808,12,8649,,,,,LSTM,FastText
185,0.1024405881762504,12,8699,,,,,LSTM,FastText
186,0.0429038889706134,12,8749,,,,,LSTM,FastText
187,0.2409073561429977,12,8799,,,,,LSTM,FastText
188,0.0650827661156654,12,8849,,,,,LSTM,FastText
189,0.1065022125840187,12,8899,,,,,LSTM,FastText
190,0.2126849144697189,12,8949,,,,,LSTM,FastText
191,0.1752885282039642,12,8999,,,,,LSTM,FastText
192,0.2345275580883026,12,9049,,,,,LSTM,FastText
193,0.1801958531141281,12,9099,,,,,LSTM,FastText
194,0.028977220878005,12,9149,,,,,LSTM,FastText
195,,12,9151,0.4199252426624298,0.8547999858856201,,,LSTM,FastText
196,,12,9152,,,0.3943571746349334,0.8613200187683105,LSTM,FastText
0,0.6830883622169495,0,49,,,,,LSTM,Word2Vec
1,0.687381386756897,0,99,,,,,LSTM,Word2Vec
2,0.6803386807441711,0,149,,,,,LSTM,Word2Vec
3,0.6894142627716064,0,199,,,,,LSTM,Word2Vec
4,0.6738047003746033,0,249,,,,,LSTM,Word2Vec
5,0.6684926748275757,0,299,,,,,LSTM,Word2Vec
6,0.464297354221344,0,349,,,,,LSTM,Word2Vec
7,0.3946733176708221,0,399,,,,,LSTM,Word2Vec
8,0.5422248840332031,0,449,,,,,LSTM,Word2Vec
9,0.5505780577659607,0,499,,,,,LSTM,Word2Vec
10,0.5941768884658813,0,549,,,,,LSTM,Word2Vec
11,0.4217348396778106,0,599,,,,,LSTM,Word2Vec
12,0.6934922933578491,0,649,,,,,LSTM,Word2Vec
13,0.6887573599815369,0,699,,,,,LSTM,Word2Vec
14,,0,703,0.686931848526001,0.5687999725341797,,,LSTM,Word2Vec
15,0.6552783250808716,1,749,,,,,LSTM,Word2Vec
16,0.6729239225387573,1,799,,,,,LSTM,Word2Vec
17,0.6254094839096069,1,849,,,,,LSTM,Word2Vec
18,0.6146343350410461,1,899,,,,,LSTM,Word2Vec
19,0.4430758357048034,1,949,,,,,LSTM,Word2Vec
20,0.5260105133056641,1,999,,,,,LSTM,Word2Vec
21,0.7536124587059021,1,1049,,,,,LSTM,Word2Vec
22,0.5072664022445679,1,1099,,,,,LSTM,Word2Vec
23,0.5774679183959961,1,1149,,,,,LSTM,Word2Vec
24,0.5953947305679321,1,1199,,,,,LSTM,Word2Vec
25,0.4262758791446686,1,1249,,,,,LSTM,Word2Vec
26,0.5207579731941223,1,1299,,,,,LSTM,Word2Vec
27,0.6148062348365784,1,1349,,,,,LSTM,Word2Vec
28,0.5330484509468079,1,1399,,,,,LSTM,Word2Vec
29,,1,1407,0.543587327003479,0.7368000149726868,,,LSTM,Word2Vec
30,0.4107517004013061,2,1449,,,,,LSTM,Word2Vec
31,0.8605393171310425,2,1499,,,,,LSTM,Word2Vec
32,0.5247716307640076,2,1549,,,,,LSTM,Word2Vec
33,0.4378805458545685,2,1599,,,,,LSTM,Word2Vec
34,0.3786318898200989,2,1649,,,,,LSTM,Word2Vec
35,0.4455269277095794,2,1699,,,,,LSTM,Word2Vec
36,0.5574872493743896,2,1749,,,,,LSTM,Word2Vec
37,0.8076425194740295,2,1799,,,,,LSTM,Word2Vec
38,0.3883080780506134,2,1849,,,,,LSTM,Word2Vec
39,0.5663177371025085,2,1899,,,,,LSTM,Word2Vec
40,0.4263677597045898,2,1949,,,,,LSTM,Word2Vec
41,0.4611311256885528,2,1999,,,,,LSTM,Word2Vec
42,0.5682857036590576,2,2049,,,,,LSTM,Word2Vec
43,0.3687058687210083,2,2099,,,,,LSTM,Word2Vec
44,,2,2111,0.5460599064826965,0.7232000231742859,,,LSTM,Word2Vec
45,0.511635959148407,3,2149,,,,,LSTM,Word2Vec
46,0.4586392045021057,3,2199,,,,,LSTM,Word2Vec
47,0.5220269560813904,3,2249,,,,,LSTM,Word2Vec
48,0.3929466605186462,3,2299,,,,,LSTM,Word2Vec
49,0.2651754915714264,3,2349,,,,,LSTM,Word2Vec
50,0.3843266069889068,3,2399,,,,,LSTM,Word2Vec
51,0.5414317846298218,3,2449,,,,,LSTM,Word2Vec
52,0.5001154541969299,3,2499,,,,,LSTM,Word2Vec
53,0.5098477005958557,3,2549,,,,,LSTM,Word2Vec
54,0.5081208348274231,3,2599,,,,,LSTM,Word2Vec
55,0.5582922697067261,3,2649,,,,,LSTM,Word2Vec
56,0.5922545790672302,3,2699,,,,,LSTM,Word2Vec
57,0.6423567533493042,3,2749,,,,,LSTM,Word2Vec
58,0.6770864725112915,3,2799,,,,,LSTM,Word2Vec
59,,3,2815,0.6687260270118713,0.6140000224113464,,,LSTM,Word2Vec
60,0.6656283140182495,4,2849,,,,,LSTM,Word2Vec
61,0.6411038041114807,4,2899,,,,,LSTM,Word2Vec
62,0.4758276641368866,4,2949,,,,,LSTM,Word2Vec
63,0.6087992191314697,4,2999,,,,,LSTM,Word2Vec
64,0.6179099678993225,4,3049,,,,,LSTM,Word2Vec
65,0.6395505666732788,4,3099,,,,,LSTM,Word2Vec
66,0.6040843725204468,4,3149,,,,,LSTM,Word2Vec
67,0.6847902536392212,4,3199,,,,,LSTM,Word2Vec
68,0.6380163431167603,4,3249,,,,,LSTM,Word2Vec
69,0.6650864481925964,4,3299,,,,,LSTM,Word2Vec
70,0.6634045839309692,4,3349,,,,,LSTM,Word2Vec
71,0.6716791987419128,4,3399,,,,,LSTM,Word2Vec
72,0.6291811466217041,4,3449,,,,,LSTM,Word2Vec
73,0.5811755061149597,4,3499,,,,,LSTM,Word2Vec
74,,4,3519,0.6103734970092773,0.7228000164031982,,,LSTM,Word2Vec
75,0.5812920331954956,5,3549,,,,,LSTM,Word2Vec
76,0.5154030323028564,5,3599,,,,,LSTM,Word2Vec
77,0.4398482143878937,5,3649,,,,,LSTM,Word2Vec
78,0.3104255199432373,5,3699,,,,,LSTM,Word2Vec
79,0.5802533030509949,5,3749,,,,,LSTM,Word2Vec
80,0.2701420187950134,5,3799,,,,,LSTM,Word2Vec
81,0.4823049902915954,5,3849,,,,,LSTM,Word2Vec
82,0.4982443451881408,5,3899,,,,,LSTM,Word2Vec
83,0.4151183068752289,5,3949,,,,,LSTM,Word2Vec
84,0.2170780152082443,5,3999,,,,,LSTM,Word2Vec
85,0.5326097011566162,5,4049,,,,,LSTM,Word2Vec
86,0.4625790119171142,5,4099,,,,,LSTM,Word2Vec
87,0.3071154356002807,5,4149,,,,,LSTM,Word2Vec
88,0.3504709899425506,5,4199,,,,,LSTM,Word2Vec
89,,5,4223,0.3813544809818268,0.8388000130653381,,,LSTM,Word2Vec
90,0.43318572640419,6,4249,,,,,LSTM,Word2Vec
91,0.2226836234331131,6,4299,,,,,LSTM,Word2Vec
92,0.2663248777389526,6,4349,,,,,LSTM,Word2Vec
93,0.2451931536197662,6,4399,,,,,LSTM,Word2Vec
94,0.437921792268753,6,4449,,,,,LSTM,Word2Vec
95,0.4346943497657776,6,4499,,,,,LSTM,Word2Vec
96,0.318943977355957,6,4549,,,,,LSTM,Word2Vec
97,0.3389101326465606,6,4599,,,,,LSTM,Word2Vec
98,0.2965366840362549,6,4649,,,,,LSTM,Word2Vec
99,0.4228475689888,6,4699,,,,,LSTM,Word2Vec
100,0.6086376905441284,6,4749,,,,,LSTM,Word2Vec
101,0.4901134967803955,6,4799,,,,,LSTM,Word2Vec
102,0.3340680599212646,6,4849,,,,,LSTM,Word2Vec
103,0.411861389875412,6,4899,,,,,LSTM,Word2Vec
104,,6,4927,0.3364585638046264,0.8555999994277954,,,LSTM,Word2Vec
105,0.2926710247993469,7,4949,,,,,LSTM,Word2Vec
106,0.2886457443237304,7,4999,,,,,LSTM,Word2Vec
107,0.2912193536758423,7,5049,,,,,LSTM,Word2Vec
108,0.3327753841876983,7,5099,,,,,LSTM,Word2Vec
109,0.3489468097686767,7,5149,,,,,LSTM,Word2Vec
110,0.3578998148441314,7,5199,,,,,LSTM,Word2Vec
111,0.4306508004665375,7,5249,,,,,LSTM,Word2Vec
112,0.163722738623619,7,5299,,,,,LSTM,Word2Vec
113,0.3232087790966034,7,5349,,,,,LSTM,Word2Vec
114,0.4459508061408996,7,5399,,,,,LSTM,Word2Vec
115,0.3850772976875305,7,5449,,,,,LSTM,Word2Vec
116,0.3356488347053528,7,5499,,,,,LSTM,Word2Vec
117,0.2348581254482269,7,5549,,,,,LSTM,Word2Vec
118,0.3803012371063232,7,5599,,,,,LSTM,Word2Vec
119,,7,5631,0.3205870985984802,0.8676000237464905,,,LSTM,Word2Vec
120,0.3480090200901031,8,5649,,,,,LSTM,Word2Vec
121,0.3508169949054718,8,5699,,,,,LSTM,Word2Vec
122,0.3118355274200439,8,5749,,,,,LSTM,Word2Vec
123,0.269677996635437,8,5799,,,,,LSTM,Word2Vec
124,0.3230033218860626,8,5849,,,,,LSTM,Word2Vec
125,0.551932156085968,8,5899,,,,,LSTM,Word2Vec
126,0.2697837054729461,8,5949,,,,,LSTM,Word2Vec
127,0.3448521494865417,8,5999,,,,,LSTM,Word2Vec
128,0.4073711335659027,8,6049,,,,,LSTM,Word2Vec
129,0.2254594564437866,8,6099,,,,,LSTM,Word2Vec
130,0.3429234325885772,8,6149,,,,,LSTM,Word2Vec
131,0.3079678416252136,8,6199,,,,,LSTM,Word2Vec
132,0.2650855183601379,8,6249,,,,,LSTM,Word2Vec
133,0.2336701154708862,8,6299,,,,,LSTM,Word2Vec
134,,8,6335,0.3410046100616455,0.8503999710083008,,,LSTM,Word2Vec
135,0.1670003086328506,9,6349,,,,,LSTM,Word2Vec
136,0.2318909019231796,9,6399,,,,,LSTM,Word2Vec
137,0.444136768579483,9,6449,,,,,LSTM,Word2Vec
138,0.3094470798969269,9,6499,,,,,LSTM,Word2Vec
139,0.4033887088298797,9,6549,,,,,LSTM,Word2Vec
140,0.3799647986888885,9,6599,,,,,LSTM,Word2Vec
141,0.2770633697509765,9,6649,,,,,LSTM,Word2Vec
142,0.2379383444786071,9,6699,,,,,LSTM,Word2Vec
143,0.3456001281738281,9,6749,,,,,LSTM,Word2Vec
144,0.229910746216774,9,6799,,,,,LSTM,Word2Vec
145,0.2024678140878677,9,6849,,,,,LSTM,Word2Vec
146,0.3003521561622619,9,6899,,,,,LSTM,Word2Vec
147,0.2671805620193481,9,6949,,,,,LSTM,Word2Vec
148,0.2519865930080414,9,6999,,,,,LSTM,Word2Vec
149,,9,7039,0.3617191314697265,0.8483999967575073,,,LSTM,Word2Vec
150,0.1479343175888061,10,7049,,,,,LSTM,Word2Vec
151,0.3245013952255249,10,7099,,,,,LSTM,Word2Vec
152,0.4210629463195801,10,7149,,,,,LSTM,Word2Vec
153,0.2886883020401001,10,7199,,,,,LSTM,Word2Vec
154,0.2449206113815307,10,7249,,,,,LSTM,Word2Vec
155,0.4023639261722564,10,7299,,,,,LSTM,Word2Vec
156,0.1731941252946853,10,7349,,,,,LSTM,Word2Vec
157,0.3599400222301483,10,7399,,,,,LSTM,Word2Vec
158,0.1911181658506393,10,7449,,,,,LSTM,Word2Vec
159,0.3066896796226501,10,7499,,,,,LSTM,Word2Vec
160,0.2471377849578857,10,7549,,,,,LSTM,Word2Vec
161,0.5238218903541565,10,7599,,,,,LSTM,Word2Vec
162,0.2300307750701904,10,7649,,,,,LSTM,Word2Vec
163,0.3822029232978821,10,7699,,,,,LSTM,Word2Vec
164,,10,7743,0.310115247964859,0.8655999898910522,,,LSTM,Word2Vec
165,0.1798036098480224,11,7749,,,,,LSTM,Word2Vec
166,0.4666617810726166,11,7799,,,,,LSTM,Word2Vec
167,0.0824881941080093,11,7849,,,,,LSTM,Word2Vec
168,0.2995081543922424,11,7899,,,,,LSTM,Word2Vec
169,0.4534206092357635,11,7949,,,,,LSTM,Word2Vec
170,0.4914821088314056,11,7999,,,,,LSTM,Word2Vec
171,0.6072471737861633,11,8049,,,,,LSTM,Word2Vec
172,0.4771032631397247,11,8099,,,,,LSTM,Word2Vec
173,0.3739912807941437,11,8149,,,,,LSTM,Word2Vec
174,0.1514224410057068,11,8199,,,,,LSTM,Word2Vec
175,0.4092109203338623,11,8249,,,,,LSTM,Word2Vec
176,0.1153820306062698,11,8299,,,,,LSTM,Word2Vec
177,0.3243061602115631,11,8349,,,,,LSTM,Word2Vec
178,0.2919457554817199,11,8399,,,,,LSTM,Word2Vec
179,,11,8447,0.305241972208023,0.8776000142097473,,,LSTM,Word2Vec
180,0.1934371888637542,12,8449,,,,,LSTM,Word2Vec
181,0.2088672518730163,12,8499,,,,,LSTM,Word2Vec
182,0.2364415526390075,12,8549,,,,,LSTM,Word2Vec
183,0.1551794111728668,12,8599,,,,,LSTM,Word2Vec
184,0.1984059810638427,12,8649,,,,,LSTM,Word2Vec
185,0.1725208312273025,12,8699,,,,,LSTM,Word2Vec
186,0.1572471410036087,12,8749,,,,,LSTM,Word2Vec
187,0.1737846136093139,12,8799,,,,,LSTM,Word2Vec
188,0.2379869073629379,12,8849,,,,,LSTM,Word2Vec
189,0.4418016672134399,12,8899,,,,,LSTM,Word2Vec
190,0.4113256335258484,12,8949,,,,,LSTM,Word2Vec
191,0.28834268450737,12,8999,,,,,LSTM,Word2Vec
192,0.2176056802272796,12,9049,,,,,LSTM,Word2Vec
193,0.3310125768184662,12,9099,,,,,LSTM,Word2Vec
194,0.3343165814876556,12,9149,,,,,LSTM,Word2Vec
195,,12,9151,0.3721096217632293,0.8379999995231628,,,LSTM,Word2Vec
196,0.2654585838317871,13,9199,,,,,LSTM,Word2Vec
197,0.3901538848876953,13,9249,,,,,LSTM,Word2Vec
198,0.3896912932395935,13,9299,,,,,LSTM,Word2Vec
199,0.1131632998585701,13,9349,,,,,LSTM,Word2Vec
200,0.1498166918754577,13,9399,,,,,LSTM,Word2Vec
201,0.4126559793949127,13,9449,,,,,LSTM,Word2Vec
202,0.1941832602024078,13,9499,,,,,LSTM,Word2Vec
203,0.0844482108950614,13,9549,,,,,LSTM,Word2Vec
204,0.2463796138763427,13,9599,,,,,LSTM,Word2Vec
205,0.1818657964468002,13,9649,,,,,LSTM,Word2Vec
206,0.2693985104560852,13,9699,,,,,LSTM,Word2Vec
207,0.4028414785861969,13,9749,,,,,LSTM,Word2Vec
208,0.3481737971305847,13,9799,,,,,LSTM,Word2Vec
209,0.1807410567998886,13,9849,,,,,LSTM,Word2Vec
210,,13,9855,0.2990782856941223,0.8880000114440918,,,LSTM,Word2Vec
211,0.1895652711391449,14,9899,,,,,LSTM,Word2Vec
212,0.0852867066860199,14,9949,,,,,LSTM,Word2Vec
213,0.2434868812561035,14,9999,,,,,LSTM,Word2Vec
214,0.2262953668832779,14,10049,,,,,LSTM,Word2Vec
215,0.2931925058364868,14,10099,,,,,LSTM,Word2Vec
216,0.5516687035560608,14,10149,,,,,LSTM,Word2Vec
217,0.3711822032928467,14,10199,,,,,LSTM,Word2Vec
218,0.3677324950695038,14,10249,,,,,LSTM,Word2Vec
219,0.2570092678070068,14,10299,,,,,LSTM,Word2Vec
220,0.1065662503242492,14,10349,,,,,LSTM,Word2Vec
221,0.1531162559986114,14,10399,,,,,LSTM,Word2Vec
222,0.2826661467552185,14,10449,,,,,LSTM,Word2Vec
223,0.3058931827545166,14,10499,,,,,LSTM,Word2Vec
224,0.2952960133552551,14,10549,,,,,LSTM,Word2Vec
225,,14,10559,0.3002837598323822,0.8763999938964844,,,LSTM,Word2Vec
226,0.2528246641159057,15,10599,,,,,LSTM,Word2Vec
227,0.2062417864799499,15,10649,,,,,LSTM,Word2Vec
228,0.1046557128429412,15,10699,,,,,LSTM,Word2Vec
229,0.184792935848236,15,10749,,,,,LSTM,Word2Vec
230,0.1691008061170578,15,10799,,,,,LSTM,Word2Vec
231,0.1058045998215675,15,10849,,,,,LSTM,Word2Vec
232,0.2050985097885131,15,10899,,,,,LSTM,Word2Vec
233,0.2554740011692047,15,10949,,,,,LSTM,Word2Vec
234,0.2104255408048629,15,10999,,,,,LSTM,Word2Vec
235,0.2708649337291717,15,11049,,,,,LSTM,Word2Vec
236,0.4215770661830902,15,11099,,,,,LSTM,Word2Vec
237,0.0442678593099117,15,11149,,,,,LSTM,Word2Vec
238,0.1846500784158706,15,11199,,,,,LSTM,Word2Vec
239,0.3455558717250824,15,11249,,,,,LSTM,Word2Vec
240,,15,11263,0.3174296915531158,0.8700000047683716,,,LSTM,Word2Vec
241,0.3019421100616455,16,11299,,,,,LSTM,Word2Vec
242,0.186543121933937,16,11349,,,,,LSTM,Word2Vec
243,0.313115507364273,16,11399,,,,,LSTM,Word2Vec
244,0.3183597922325134,16,11449,,,,,LSTM,Word2Vec
245,0.1460464894771576,16,11499,,,,,LSTM,Word2Vec
246,0.1095659658312797,16,11549,,,,,LSTM,Word2Vec
247,0.1660831123590469,16,11599,,,,,LSTM,Word2Vec
248,0.0634478852152824,16,11649,,,,,LSTM,Word2Vec
249,0.1394090950489044,16,11699,,,,,LSTM,Word2Vec
250,0.2251806110143661,16,11749,,,,,LSTM,Word2Vec
251,0.1728661209344864,16,11799,,,,,LSTM,Word2Vec
252,0.4154264330863952,16,11849,,,,,LSTM,Word2Vec
253,0.3081496655941009,16,11899,,,,,LSTM,Word2Vec
254,0.4369297623634338,16,11949,,,,,LSTM,Word2Vec
255,,16,11967,0.3018043041229248,0.8812000155448914,,,LSTM,Word2Vec
256,0.3595124185085296,17,11999,,,,,LSTM,Word2Vec
257,0.2185810804367065,17,12049,,,,,LSTM,Word2Vec
258,0.1580626964569091,17,12099,,,,,LSTM,Word2Vec
259,0.0557441525161266,17,12149,,,,,LSTM,Word2Vec
260,0.0838042646646499,17,12199,,,,,LSTM,Word2Vec
261,0.3476485311985016,17,12249,,,,,LSTM,Word2Vec
262,0.1186737343668937,17,12299,,,,,LSTM,Word2Vec
263,0.2582642436027527,17,12349,,,,,LSTM,Word2Vec
264,0.1889617890119552,17,12399,,,,,LSTM,Word2Vec
265,0.2491023391485214,17,12449,,,,,LSTM,Word2Vec
266,0.2391982078552246,17,12499,,,,,LSTM,Word2Vec
267,0.1494033932685852,17,12549,,,,,LSTM,Word2Vec
268,0.2916640341281891,17,12599,,,,,LSTM,Word2Vec
269,0.406548261642456,17,12649,,,,,LSTM,Word2Vec
270,,17,12671,0.3192696869373321,0.876800000667572,,,LSTM,Word2Vec
271,0.1942182779312133,18,12699,,,,,LSTM,Word2Vec
272,0.0498694218695163,18,12749,,,,,LSTM,Word2Vec
273,0.0780495926737785,18,12799,,,,,LSTM,Word2Vec
274,0.203916847705841,18,12849,,,,,LSTM,Word2Vec
275,0.156074658036232,18,12899,,,,,LSTM,Word2Vec
276,0.0854923501610755,18,12949,,,,,LSTM,Word2Vec
277,0.1487637162208557,18,12999,,,,,LSTM,Word2Vec
278,0.1914956867694854,18,13049,,,,,LSTM,Word2Vec
279,0.2375641018152237,18,13099,,,,,LSTM,Word2Vec
280,0.2878465950489044,18,13149,,,,,LSTM,Word2Vec
281,0.0832367315888404,18,13199,,,,,LSTM,Word2Vec
282,0.1211593449115753,18,13249,,,,,LSTM,Word2Vec
283,0.1857071071863174,18,13299,,,,,LSTM,Word2Vec
284,0.0753430128097534,18,13349,,,,,LSTM,Word2Vec
285,,18,13375,0.3485511839389801,0.8748000264167786,,,LSTM,Word2Vec
286,0.2013167440891266,19,13399,,,,,LSTM,Word2Vec
287,0.115650288760662,19,13449,,,,,LSTM,Word2Vec
288,0.0415702946484088,19,13499,,,,,LSTM,Word2Vec
289,0.0664015933871269,19,13549,,,,,LSTM,Word2Vec
290,0.3479160964488983,19,13599,,,,,LSTM,Word2Vec
291,0.1240741983056068,19,13649,,,,,LSTM,Word2Vec
292,0.0906480699777603,19,13699,,,,,LSTM,Word2Vec
293,0.0754712149500846,19,13749,,,,,LSTM,Word2Vec
294,0.157941997051239,19,13799,,,,,LSTM,Word2Vec
295,0.2121681869029998,19,13849,,,,,LSTM,Word2Vec
296,0.1325067728757858,19,13899,,,,,LSTM,Word2Vec
297,0.3466771841049194,19,13949,,,,,LSTM,Word2Vec
298,0.2003688365221023,19,13999,,,,,LSTM,Word2Vec
299,0.4343056380748749,19,14049,,,,,LSTM,Word2Vec
300,,19,14079,0.3480070829391479,0.8723999857902527,,,LSTM,Word2Vec
301,,19,14080,,,0.3368821740150451,0.8748400211334229,LSTM,Word2Vec
0,0.662854790687561,0,49,,,,,GRU,Glove
1,0.5852770805358887,0,99,,,,,GRU,Glove
2,0.5379807353019714,0,149,,,,,GRU,Glove
3,0.5385932922363281,0,199,,,,,GRU,Glove
4,0.4476566910743713,0,249,,,,,GRU,Glove
5,0.333918809890747,0,299,,,,,GRU,Glove
6,0.2699841260910034,0,349,,,,,GRU,Glove
7,0.3964485228061676,0,399,,,,,GRU,Glove
8,0.371802419424057,0,449,,,,,GRU,Glove
9,0.4768825769424438,0,499,,,,,GRU,Glove
10,0.3703198730945587,0,549,,,,,GRU,Glove
11,0.3216829597949981,0,599,,,,,GRU,Glove
12,0.2073276787996292,0,649,,,,,GRU,Glove
13,0.1560170352458953,0,699,,,,,GRU,Glove
14,,0,703,0.3163477182388305,0.8636000156402588,,,GRU,Glove
15,0.3654922544956207,1,749,,,,,GRU,Glove
16,0.2064809948205948,1,799,,,,,GRU,Glove
17,0.1844680160284042,1,849,,,,,GRU,Glove
18,0.1498013436794281,1,899,,,,,GRU,Glove
19,0.2626826167106628,1,949,,,,,GRU,Glove
20,0.2724626362323761,1,999,,,,,GRU,Glove
21,0.3056079149246216,1,1049,,,,,GRU,Glove
22,0.4437960088253021,1,1099,,,,,GRU,Glove
23,0.4111546576023102,1,1149,,,,,GRU,Glove
24,0.3460120856761932,1,1199,,,,,GRU,Glove
25,0.2128952592611313,1,1249,,,,,GRU,Glove
26,0.2800456583499908,1,1299,,,,,GRU,Glove
27,0.254930168390274,1,1349,,,,,GRU,Glove
28,0.1651181578636169,1,1399,,,,,GRU,Glove
29,,1,1407,0.2769584357738495,0.8763999938964844,,,GRU,Glove
30,0.1995778828859329,2,1449,,,,,GRU,Glove
31,0.2054173648357391,2,1499,,,,,GRU,Glove
32,0.2376702427864074,2,1549,,,,,GRU,Glove
33,0.5123434662818909,2,1599,,,,,GRU,Glove
34,0.2087902873754501,2,1649,,,,,GRU,Glove
35,0.1812442392110824,2,1699,,,,,GRU,Glove
36,0.4929038286209106,2,1749,,,,,GRU,Glove
37,0.2943216264247894,2,1799,,,,,GRU,Glove
38,0.1181064546108245,2,1849,,,,,GRU,Glove
39,0.4262864291667938,2,1899,,,,,GRU,Glove
40,0.2194307595491409,2,1949,,,,,GRU,Glove
41,0.2545472085475921,2,1999,,,,,GRU,Glove
42,0.1836983412504196,2,2049,,,,,GRU,Glove
43,0.229465514421463,2,2099,,,,,GRU,Glove
44,,2,2111,0.2643280029296875,0.8844000101089478,,,GRU,Glove
45,0.1327432841062545,3,2149,,,,,GRU,Glove
46,0.3058982193470001,3,2199,,,,,GRU,Glove
47,0.3270582854747772,3,2249,,,,,GRU,Glove
48,0.3221715986728668,3,2299,,,,,GRU,Glove
49,0.2970469892024994,3,2349,,,,,GRU,Glove
50,0.2531814575195312,3,2399,,,,,GRU,Glove
51,0.1051764190196991,3,2449,,,,,GRU,Glove
52,0.1200941875576973,3,2499,,,,,GRU,Glove
53,0.277103066444397,3,2549,,,,,GRU,Glove
54,0.4730665683746338,3,2599,,,,,GRU,Glove
55,0.2454511672258377,3,2649,,,,,GRU,Glove
56,0.2311930954456329,3,2699,,,,,GRU,Glove
57,0.1398468911647796,3,2749,,,,,GRU,Glove
58,0.3016765713691711,3,2799,,,,,GRU,Glove
59,,3,2815,0.2541139125823974,0.8884000182151794,,,GRU,Glove
60,0.0598297379910945,4,2849,,,,,GRU,Glove
61,0.3270277678966522,4,2899,,,,,GRU,Glove
62,0.1234674602746963,4,2949,,,,,GRU,Glove
63,0.0971381068229675,4,2999,,,,,GRU,Glove
64,0.1876641660928726,4,3049,,,,,GRU,Glove
65,0.188337042927742,4,3099,,,,,GRU,Glove
66,0.1140515878796577,4,3149,,,,,GRU,Glove
67,0.2348155081272125,4,3199,,,,,GRU,Glove
68,0.1275721490383148,4,3249,,,,,GRU,Glove
69,0.0679819881916046,4,3299,,,,,GRU,Glove
70,0.201185405254364,4,3349,,,,,GRU,Glove
71,0.1858332455158233,4,3399,,,,,GRU,Glove
72,0.1308348178863525,4,3449,,,,,GRU,Glove
73,0.2002742141485214,4,3499,,,,,GRU,Glove
74,,4,3519,0.2544203102588653,0.8924000263214111,,,GRU,Glove
75,0.0246558208018541,5,3549,,,,,GRU,Glove
76,0.3419314324855804,5,3599,,,,,GRU,Glove
77,0.0958977490663528,5,3649,,,,,GRU,Glove
78,0.2459538727998733,5,3699,,,,,GRU,Glove
79,0.0442136451601982,5,3749,,,,,GRU,Glove
80,0.025625854730606,5,3799,,,,,GRU,Glove
81,0.2736243307590484,5,3849,,,,,GRU,Glove
82,0.078278511762619,5,3899,,,,,GRU,Glove
83,0.1925252676010131,5,3949,,,,,GRU,Glove
84,0.2098894417285919,5,3999,,,,,GRU,Glove
85,0.1975603848695755,5,4049,,,,,GRU,Glove
86,0.0641400292515754,5,4099,,,,,GRU,Glove
87,0.0864622741937637,5,4149,,,,,GRU,Glove
88,0.1338470429182052,5,4199,,,,,GRU,Glove
89,,5,4223,0.2831441164016723,0.8871999979019165,,,GRU,Glove
90,0.0572702176868915,6,4249,,,,,GRU,Glove
91,0.0955078974366188,6,4299,,,,,GRU,Glove
92,0.0829406306147575,6,4349,,,,,GRU,Glove
93,0.1419001072645187,6,4399,,,,,GRU,Glove
94,0.1840341091156005,6,4449,,,,,GRU,Glove
95,0.0470187440514564,6,4499,,,,,GRU,Glove
96,0.1066819950938224,6,4549,,,,,GRU,Glove
97,0.10882518440485,6,4599,,,,,GRU,Glove
98,0.0388133004307746,6,4649,,,,,GRU,Glove
99,0.0308038983494043,6,4699,,,,,GRU,Glove
100,0.1588156819343567,6,4749,,,,,GRU,Glove
101,0.271649569272995,6,4799,,,,,GRU,Glove
102,0.0935491845011711,6,4849,,,,,GRU,Glove
103,0.2202860563993454,6,4899,,,,,GRU,Glove
104,,6,4927,0.3222891986370086,0.885200023651123,,,GRU,Glove
105,0.2920713722705841,7,4949,,,,,GRU,Glove
106,0.0808267965912818,7,4999,,,,,GRU,Glove
107,0.122372068464756,7,5049,,,,,GRU,Glove
108,0.1753368824720382,7,5099,,,,,GRU,Glove
109,0.1058611497282981,7,5149,,,,,GRU,Glove
110,0.0450200550258159,7,5199,,,,,GRU,Glove
111,0.036979429423809,7,5249,,,,,GRU,Glove
112,0.1467496305704116,7,5299,,,,,GRU,Glove
113,0.0285694152116775,7,5349,,,,,GRU,Glove
114,0.0636406913399696,7,5399,,,,,GRU,Glove
115,0.1078842207789421,7,5449,,,,,GRU,Glove
116,0.0208357479423284,7,5499,,,,,GRU,Glove
117,0.0765483453869819,7,5549,,,,,GRU,Glove
118,0.0466783493757247,7,5599,,,,,GRU,Glove
119,,7,5631,0.4800484776496887,0.8691999912261963,,,GRU,Glove
120,0.0454424135386943,8,5649,,,,,GRU,Glove
121,0.0383510626852512,8,5699,,,,,GRU,Glove
122,0.0071309646591544,8,5749,,,,,GRU,Glove
123,0.0170126892626285,8,5799,,,,,GRU,Glove
124,0.0418769270181655,8,5849,,,,,GRU,Glove
125,0.0018645959207788,8,5899,,,,,GRU,Glove
126,0.0801810398697853,8,5949,,,,,GRU,Glove
127,0.0449094325304031,8,5999,,,,,GRU,Glove
128,0.0447579510509967,8,6049,,,,,GRU,Glove
129,0.1439610570669174,8,6099,,,,,GRU,Glove
130,0.011238070204854,8,6149,,,,,GRU,Glove
131,0.0514630004763603,8,6199,,,,,GRU,Glove
132,0.082538403570652,8,6249,,,,,GRU,Glove
133,0.024844154715538,8,6299,,,,,GRU,Glove
134,,8,6335,0.4378637671470642,0.8871999979019165,,,GRU,Glove
135,0.0033888246398419,9,6349,,,,,GRU,Glove
136,0.021604323759675,9,6399,,,,,GRU,Glove
137,0.0417848527431488,9,6449,,,,,GRU,Glove
138,0.023139638826251,9,6499,,,,,GRU,Glove
139,0.0018667712574824,9,6549,,,,,GRU,Glove
140,0.0020806626416742,9,6599,,,,,GRU,Glove
141,0.1486285924911499,9,6649,,,,,GRU,Glove
142,0.0193396843969821,9,6699,,,,,GRU,Glove
143,0.0043962318450212,9,6749,,,,,GRU,Glove
144,0.0105171240866184,9,6799,,,,,GRU,Glove
145,0.0174385495483875,9,6849,,,,,GRU,Glove
146,0.0040124775841832,9,6899,,,,,GRU,Glove
147,0.006335450336337,9,6949,,,,,GRU,Glove
148,0.0054685096256434,9,6999,,,,,GRU,Glove
149,,9,7039,0.5304785370826721,0.8895999789237976,,,GRU,Glove
150,,9,7040,,,0.5067935585975647,0.887440025806427,GRU,Glove
0,0.6646640300750732,0,49,,,,,GRU,FastText
1,0.6664684414863586,0,99,,,,,GRU,FastText
2,0.823118269443512,0,149,,,,,GRU,FastText
3,0.6915363669395447,0,199,,,,,GRU,FastText
4,0.6839985251426697,0,249,,,,,GRU,FastText
5,0.6205970644950867,0,299,,,,,GRU,FastText
6,0.5761308670043945,0,349,,,,,GRU,FastText
7,0.8153272271156311,0,399,,,,,GRU,FastText
8,0.6148268580436707,0,449,,,,,GRU,FastText
9,0.3317985534667969,0,499,,,,,GRU,FastText
10,0.4191486537456512,0,549,,,,,GRU,FastText
11,0.6056200265884399,0,599,,,,,GRU,FastText
12,0.478468120098114,0,649,,,,,GRU,FastText
13,0.4831232726573944,0,699,,,,,GRU,FastText
14,,0,703,0.4232110381126404,0.8184000253677368,,,GRU,FastText
15,0.3104964792728424,1,749,,,,,GRU,FastText
16,0.5163798332214355,1,799,,,,,GRU,FastText
17,0.4575159251689911,1,849,,,,,GRU,FastText
18,0.2968786060810089,1,899,,,,,GRU,FastText
19,0.3212822079658508,1,949,,,,,GRU,FastText
20,0.3265574872493744,1,999,,,,,GRU,FastText
21,0.3148341178894043,1,1049,,,,,GRU,FastText
22,0.4406062066555023,1,1099,,,,,GRU,FastText
23,0.3718908131122589,1,1149,,,,,GRU,FastText
24,0.2312952727079391,1,1199,,,,,GRU,FastText
25,0.3269884884357452,1,1249,,,,,GRU,FastText
26,0.2591994404792785,1,1299,,,,,GRU,FastText
27,0.2764476239681244,1,1349,,,,,GRU,FastText
28,0.4032096266746521,1,1399,,,,,GRU,FastText
29,,1,1407,0.3513533174991607,0.847599983215332,,,GRU,FastText
30,0.2679324150085449,2,1449,,,,,GRU,FastText
31,0.3267874717712402,2,1499,,,,,GRU,FastText
32,0.3105292320251465,2,1549,,,,,GRU,FastText
33,0.5047103762626648,2,1599,,,,,GRU,FastText
34,0.3022734820842743,2,1649,,,,,GRU,FastText
35,0.4092503786087036,2,1699,,,,,GRU,FastText
36,0.4202389419078827,2,1749,,,,,GRU,FastText
37,0.3018663823604584,2,1799,,,,,GRU,FastText
38,0.3451728522777557,2,1849,,,,,GRU,FastText
39,0.1703503280878067,2,1899,,,,,GRU,FastText
40,0.2251970916986465,2,1949,,,,,GRU,FastText
41,0.256922572851181,2,1999,,,,,GRU,FastText
42,0.4343689084053039,2,2049,,,,,GRU,FastText
43,0.3501253724098205,2,2099,,,,,GRU,FastText
44,,2,2111,0.3537656366825104,0.8428000211715698,,,GRU,FastText
45,0.4447833895683288,3,2149,,,,,GRU,FastText
46,0.3572561144828796,3,2199,,,,,GRU,FastText
47,0.1278221160173416,3,2249,,,,,GRU,FastText
48,0.126913696527481,3,2299,,,,,GRU,FastText
49,0.3417563736438751,3,2349,,,,,GRU,FastText
50,0.2212135642766952,3,2399,,,,,GRU,FastText
51,0.1881899833679199,3,2449,,,,,GRU,FastText
52,0.2503991425037384,3,2499,,,,,GRU,FastText
53,0.2472321838140487,3,2549,,,,,GRU,FastText
54,0.2605209052562713,3,2599,,,,,GRU,FastText
55,0.248155727982521,3,2649,,,,,GRU,FastText
56,0.2656123340129852,3,2699,,,,,GRU,FastText
57,0.26555135846138,3,2749,,,,,GRU,FastText
58,0.2660667598247528,3,2799,,,,,GRU,FastText
59,,3,2815,0.3302541375160217,0.8560000061988831,,,GRU,FastText
60,0.3428599238395691,4,2849,,,,,GRU,FastText
61,0.2134905755519867,4,2899,,,,,GRU,FastText
62,0.4737196266651153,4,2949,,,,,GRU,FastText
63,0.2033621221780777,4,2999,,,,,GRU,FastText
64,0.2847812473773956,4,3049,,,,,GRU,FastText
65,0.5174152255058289,4,3099,,,,,GRU,FastText
66,0.2825892865657806,4,3149,,,,,GRU,FastText
67,0.2068083584308624,4,3199,,,,,GRU,FastText
68,0.2601374387741089,4,3249,,,,,GRU,FastText
69,0.2707879543304443,4,3299,,,,,GRU,FastText
70,0.1861319541931152,4,3349,,,,,GRU,FastText
71,0.2007304280996322,4,3399,,,,,GRU,FastText
72,0.2600743770599365,4,3449,,,,,GRU,FastText
73,0.3159298896789551,4,3499,,,,,GRU,FastText
74,,4,3519,0.3071353137493133,0.8632000088691711,,,GRU,FastText
75,0.1768901199102401,5,3549,,,,,GRU,FastText
76,0.2806916534900665,5,3599,,,,,GRU,FastText
77,0.2335623949766159,5,3649,,,,,GRU,FastText
78,0.1550441980361938,5,3699,,,,,GRU,FastText
79,0.2541943788528442,5,3749,,,,,GRU,FastText
80,0.1318043768405914,5,3799,,,,,GRU,FastText
81,0.428611159324646,5,3849,,,,,GRU,FastText
82,0.1836132407188415,5,3899,,,,,GRU,FastText
83,0.2994817793369293,5,3949,,,,,GRU,FastText
84,0.2410913705825805,5,3999,,,,,GRU,FastText
85,0.2213310599327087,5,4049,,,,,GRU,FastText
86,0.1600168645381927,5,4099,,,,,GRU,FastText
87,0.2711644172668457,5,4149,,,,,GRU,FastText
88,0.3907780647277832,5,4199,,,,,GRU,FastText
89,,5,4223,0.2958225011825561,0.8772000074386597,,,GRU,FastText
90,0.2574717104434967,6,4249,,,,,GRU,FastText
91,0.3278015255928039,6,4299,,,,,GRU,FastText
92,0.1320484280586242,6,4349,,,,,GRU,FastText
93,0.2046203166246414,6,4399,,,,,GRU,FastText
94,0.1816197335720062,6,4449,,,,,GRU,FastText
95,0.4155487716197967,6,4499,,,,,GRU,FastText
96,0.2357491105794906,6,4549,,,,,GRU,FastText
97,0.2807449102401733,6,4599,,,,,GRU,FastText
98,0.192057803273201,6,4649,,,,,GRU,FastText
99,0.2454409748315811,6,4699,,,,,GRU,FastText
100,0.1145662665367126,6,4749,,,,,GRU,FastText
101,0.1309435069561004,6,4799,,,,,GRU,FastText
102,0.0865529999136924,6,4849,,,,,GRU,FastText
103,0.1344061642885208,6,4899,,,,,GRU,FastText
104,,6,4927,0.3069044053554535,0.8748000264167786,,,GRU,FastText
105,0.1583801060914993,7,4949,,,,,GRU,FastText
106,0.2368666231632232,7,4999,,,,,GRU,FastText
107,0.2109314650297165,7,5049,,,,,GRU,FastText
108,0.2178080677986145,7,5099,,,,,GRU,FastText
109,0.211430087685585,7,5149,,,,,GRU,FastText
110,0.1374208629131317,7,5199,,,,,GRU,FastText
111,0.2127258032560348,7,5249,,,,,GRU,FastText
112,0.5070743560791016,7,5299,,,,,GRU,FastText
113,0.1993001401424408,7,5349,,,,,GRU,FastText
114,0.2848546504974365,7,5399,,,,,GRU,FastText
115,0.1181463897228241,7,5449,,,,,GRU,FastText
116,0.2584972381591797,7,5499,,,,,GRU,FastText
117,0.1579024046659469,7,5549,,,,,GRU,FastText
118,0.3209742903709411,7,5599,,,,,GRU,FastText
119,,7,5631,0.3455884456634521,0.8632000088691711,,,GRU,FastText
120,0.0920171216130256,8,5649,,,,,GRU,FastText
121,0.1046711429953575,8,5699,,,,,GRU,FastText
122,0.4639714360237121,8,5749,,,,,GRU,FastText
123,0.0948978140950203,8,5799,,,,,GRU,FastText
124,0.1728035360574722,8,5849,,,,,GRU,FastText
125,0.2209388017654419,8,5899,,,,,GRU,FastText
126,0.2076907902956009,8,5949,,,,,GRU,FastText
127,0.1440614908933639,8,5999,,,,,GRU,FastText
128,0.3714112937450409,8,6049,,,,,GRU,FastText
129,0.1676768958568573,8,6099,,,,,GRU,FastText
130,0.3033932149410248,8,6149,,,,,GRU,FastText
131,0.2805605828762054,8,6199,,,,,GRU,FastText
132,0.1400191932916641,8,6249,,,,,GRU,FastText
133,0.1996391266584396,8,6299,,,,,GRU,FastText
134,,8,6335,0.3593531847000122,0.8619999885559082,,,GRU,FastText
135,0.0556398592889308,9,6349,,,,,GRU,FastText
136,0.0497310981154441,9,6399,,,,,GRU,FastText
137,0.0892999768257141,9,6449,,,,,GRU,FastText
138,0.1441579759120941,9,6499,,,,,GRU,FastText
139,0.2516663670539856,9,6549,,,,,GRU,FastText
140,0.0900342538952827,9,6599,,,,,GRU,FastText
141,0.1429754942655563,9,6649,,,,,GRU,FastText
142,0.1826543062925338,9,6699,,,,,GRU,FastText
143,0.3039980828762054,9,6749,,,,,GRU,FastText
144,0.1338625848293304,9,6799,,,,,GRU,FastText
145,0.1656456142663955,9,6849,,,,,GRU,FastText
146,0.1310524940490722,9,6899,,,,,GRU,FastText
147,0.2166365534067154,9,6949,,,,,GRU,FastText
148,0.1280389130115509,9,6999,,,,,GRU,FastText
149,,9,7039,0.3537579476833343,0.8695999979972839,,,GRU,FastText
150,0.1353258490562439,10,7049,,,,,GRU,FastText
151,0.264074444770813,10,7099,,,,,GRU,FastText
152,0.0927294120192527,10,7149,,,,,GRU,FastText
153,0.0689439550042152,10,7199,,,,,GRU,FastText
154,0.2404997795820236,10,7249,,,,,GRU,FastText
155,0.1053657755255699,10,7299,,,,,GRU,FastText
156,0.2093226909637451,10,7349,,,,,GRU,FastText
157,0.0488645508885383,10,7399,,,,,GRU,FastText
158,0.0679311826825141,10,7449,,,,,GRU,FastText
159,0.2432980388402938,10,7499,,,,,GRU,FastText
160,0.1122521087527275,10,7549,,,,,GRU,FastText
161,0.1811759173870086,10,7599,,,,,GRU,FastText
162,0.1548582464456558,10,7649,,,,,GRU,FastText
163,0.1926346272230148,10,7699,,,,,GRU,FastText
164,,10,7743,0.3598896265029907,0.871999979019165,,,GRU,FastText
165,0.1915886104106903,11,7749,,,,,GRU,FastText
166,0.23936328291893,11,7799,,,,,GRU,FastText
167,0.1484652906656265,11,7849,,,,,GRU,FastText
168,0.0285738557577133,11,7899,,,,,GRU,FastText
169,0.1998066008090973,11,7949,,,,,GRU,FastText
170,0.097055897116661,11,7999,,,,,GRU,FastText
171,0.3058538138866424,11,8049,,,,,GRU,FastText
172,0.1991573423147201,11,8099,,,,,GRU,FastText
173,0.0724966451525688,11,8149,,,,,GRU,FastText
174,0.2931576669216156,11,8199,,,,,GRU,FastText
175,0.0469413697719574,11,8249,,,,,GRU,FastText
176,0.1365022510290146,11,8299,,,,,GRU,FastText
177,0.0286266412585973,11,8349,,,,,GRU,FastText
178,0.0279532615095376,11,8399,,,,,GRU,FastText
179,,11,8447,0.4805208444595337,0.8579999804496765,,,GRU,FastText
180,,11,8448,,,0.4148545265197754,0.8740400075912476,GRU,FastText
0,0.7531987428665161,0,49,,,,,GRU,Word2Vec
1,0.7243666648864746,0,99,,,,,GRU,Word2Vec
2,0.6686872243881226,0,149,,,,,GRU,Word2Vec
3,0.493583470582962,0,199,,,,,GRU,Word2Vec
4,0.4359386563301086,0,249,,,,,GRU,Word2Vec
5,0.5395353436470032,0,299,,,,,GRU,Word2Vec
6,0.5656560063362122,0,349,,,,,GRU,Word2Vec
7,0.4202931225299835,0,399,,,,,GRU,Word2Vec
8,0.6316980123519897,0,449,,,,,GRU,Word2Vec
9,0.5776870846748352,0,499,,,,,GRU,Word2Vec
10,0.9956637024879456,0,549,,,,,GRU,Word2Vec
11,0.4398865103721618,0,599,,,,,GRU,Word2Vec
12,0.5133451223373413,0,649,,,,,GRU,Word2Vec
13,0.4492801427841186,0,699,,,,,GRU,Word2Vec
14,,0,703,0.3722842931747436,0.8528000116348267,,,GRU,Word2Vec
15,0.4989869296550751,1,749,,,,,GRU,Word2Vec
16,0.3597661554813385,1,799,,,,,GRU,Word2Vec
17,0.4316349923610687,1,849,,,,,GRU,Word2Vec
18,0.4095064103603363,1,899,,,,,GRU,Word2Vec
19,0.260955810546875,1,949,,,,,GRU,Word2Vec
20,0.5478087067604065,1,999,,,,,GRU,Word2Vec
21,0.4307608604431152,1,1049,,,,,GRU,Word2Vec
22,0.3574373722076416,1,1099,,,,,GRU,Word2Vec
23,0.2440503239631652,1,1149,,,,,GRU,Word2Vec
24,0.3631485402584076,1,1199,,,,,GRU,Word2Vec
25,0.2740307748317718,1,1249,,,,,GRU,Word2Vec
26,0.3315736055374145,1,1299,,,,,GRU,Word2Vec
27,0.4210565388202667,1,1349,,,,,GRU,Word2Vec
28,0.2234518080949783,1,1399,,,,,GRU,Word2Vec
29,,1,1407,0.3072121441364288,0.8727999925613403,,,GRU,Word2Vec
30,0.3263261318206787,2,1449,,,,,GRU,Word2Vec
31,0.2935144901275635,2,1499,,,,,GRU,Word2Vec
32,0.1297505050897598,2,1549,,,,,GRU,Word2Vec
33,0.2914808690547943,2,1599,,,,,GRU,Word2Vec
34,0.6085526347160339,2,1649,,,,,GRU,Word2Vec
35,0.2381889820098877,2,1699,,,,,GRU,Word2Vec
36,0.3360474407672882,2,1749,,,,,GRU,Word2Vec
37,0.1943099945783615,2,1799,,,,,GRU,Word2Vec
38,0.2705943584442138,2,1849,,,,,GRU,Word2Vec
39,0.1106319576501846,2,1899,,,,,GRU,Word2Vec
40,0.1949982196092605,2,1949,,,,,GRU,Word2Vec
41,0.3187116384506225,2,1999,,,,,GRU,Word2Vec
42,0.3911623358726501,2,2049,,,,,GRU,Word2Vec
43,0.3331579267978668,2,2099,,,,,GRU,Word2Vec
44,,2,2111,0.2929371297359466,0.8795999884605408,,,GRU,Word2Vec
45,0.4089946448802948,3,2149,,,,,GRU,Word2Vec
46,0.2442979961633682,3,2199,,,,,GRU,Word2Vec
47,0.1123698949813842,3,2249,,,,,GRU,Word2Vec
48,0.2675214111804962,3,2299,,,,,GRU,Word2Vec
49,0.2386776208877563,3,2349,,,,,GRU,Word2Vec
50,0.1918055117130279,3,2399,,,,,GRU,Word2Vec
51,0.344073474407196,3,2449,,,,,GRU,Word2Vec
52,0.2029967010021209,3,2499,,,,,GRU,Word2Vec
53,0.1225424855947494,3,2549,,,,,GRU,Word2Vec
54,0.1651533246040344,3,2599,,,,,GRU,Word2Vec
55,0.2730891406536102,3,2649,,,,,GRU,Word2Vec
56,0.330359399318695,3,2699,,,,,GRU,Word2Vec
57,0.1830138564109802,3,2749,,,,,GRU,Word2Vec
58,0.4229505360126495,3,2799,,,,,GRU,Word2Vec
59,,3,2815,0.2829281985759735,0.8835999965667725,,,GRU,Word2Vec
60,0.4381656348705292,4,2849,,,,,GRU,Word2Vec
61,0.3453220427036285,4,2899,,,,,GRU,Word2Vec
62,0.4780016243457794,4,2949,,,,,GRU,Word2Vec
63,0.2363142520189285,4,2999,,,,,GRU,Word2Vec
64,0.2466033846139907,4,3049,,,,,GRU,Word2Vec
65,0.0657262057065963,4,3099,,,,,GRU,Word2Vec
66,0.3095351755619049,4,3149,,,,,GRU,Word2Vec
67,0.2930701375007629,4,3199,,,,,GRU,Word2Vec
68,0.1136222556233406,4,3249,,,,,GRU,Word2Vec
69,0.1885551065206527,4,3299,,,,,GRU,Word2Vec
70,0.2486496269702911,4,3349,,,,,GRU,Word2Vec
71,0.5105481147766113,4,3399,,,,,GRU,Word2Vec
72,0.2300797253847122,4,3449,,,,,GRU,Word2Vec
73,0.1908245086669922,4,3499,,,,,GRU,Word2Vec
74,,4,3519,0.2805296778678894,0.8812000155448914,,,GRU,Word2Vec
75,0.2414082437753677,5,3549,,,,,GRU,Word2Vec
76,0.258624404668808,5,3599,,,,,GRU,Word2Vec
77,0.4559887647628784,5,3649,,,,,GRU,Word2Vec
78,0.3449170589447021,5,3699,,,,,GRU,Word2Vec
79,0.281071126461029,5,3749,,,,,GRU,Word2Vec
80,0.118883728981018,5,3799,,,,,GRU,Word2Vec
81,0.2420557141304016,5,3849,,,,,GRU,Word2Vec
82,0.3998684883117676,5,3899,,,,,GRU,Word2Vec
83,0.1563366949558258,5,3949,,,,,GRU,Word2Vec
84,0.1706326603889465,5,3999,,,,,GRU,Word2Vec
85,0.1388255506753921,5,4049,,,,,GRU,Word2Vec
86,0.0454424805939197,5,4099,,,,,GRU,Word2Vec
87,0.2629002630710602,5,4149,,,,,GRU,Word2Vec
88,0.1841643899679184,5,4199,,,,,GRU,Word2Vec
89,,5,4223,0.2823245227336883,0.8784000277519226,,,GRU,Word2Vec
90,0.3231595754623413,6,4249,,,,,GRU,Word2Vec
91,0.1522256284952163,6,4299,,,,,GRU,Word2Vec
92,0.0380260497331619,6,4349,,,,,GRU,Word2Vec
93,0.4879071712493896,6,4399,,,,,GRU,Word2Vec
94,0.1830431818962097,6,4449,,,,,GRU,Word2Vec
95,0.2223576158285141,6,4499,,,,,GRU,Word2Vec
96,0.2895776331424713,6,4549,,,,,GRU,Word2Vec
97,0.2357323467731475,6,4599,,,,,GRU,Word2Vec
98,0.3119819462299347,6,4649,,,,,GRU,Word2Vec
99,0.2126982510089874,6,4699,,,,,GRU,Word2Vec
100,0.4157254695892334,6,4749,,,,,GRU,Word2Vec
101,0.5447871685028076,6,4799,,,,,GRU,Word2Vec
102,0.2283484041690826,6,4849,,,,,GRU,Word2Vec
103,0.1840465664863586,6,4899,,,,,GRU,Word2Vec
104,,6,4927,0.2791586816310882,0.8863999843597412,,,GRU,Word2Vec
105,0.1096160486340522,7,4949,,,,,GRU,Word2Vec
106,0.1387476176023483,7,4999,,,,,GRU,Word2Vec
107,0.1157316416501998,7,5049,,,,,GRU,Word2Vec
108,0.2582683265209198,7,5099,,,,,GRU,Word2Vec
109,0.1237618997693061,7,5149,,,,,GRU,Word2Vec
110,0.1680625826120376,7,5199,,,,,GRU,Word2Vec
111,0.086638867855072,7,5249,,,,,GRU,Word2Vec
112,0.1484317630529403,7,5299,,,,,GRU,Word2Vec
113,0.2693969905376434,7,5349,,,,,GRU,Word2Vec
114,0.2571638524532318,7,5399,,,,,GRU,Word2Vec
115,0.2365742474794387,7,5449,,,,,GRU,Word2Vec
116,0.2043510526418686,7,5499,,,,,GRU,Word2Vec
117,0.3489808738231659,7,5549,,,,,GRU,Word2Vec
118,0.1292372047901153,7,5599,,,,,GRU,Word2Vec
119,,7,5631,0.2995946109294891,0.8808000087738037,,,GRU,Word2Vec
120,0.0406290255486965,8,5649,,,,,GRU,Word2Vec
121,0.1967036128044128,8,5699,,,,,GRU,Word2Vec
122,0.1163348704576492,8,5749,,,,,GRU,Word2Vec
123,0.0594940036535263,8,5799,,,,,GRU,Word2Vec
124,0.0803306400775909,8,5849,,,,,GRU,Word2Vec
125,0.1613460183143615,8,5899,,,,,GRU,Word2Vec
126,0.1872117221355438,8,5949,,,,,GRU,Word2Vec
127,0.2387382090091705,8,5999,,,,,GRU,Word2Vec
128,0.1906999200582504,8,6049,,,,,GRU,Word2Vec
129,0.0996380224823951,8,6099,,,,,GRU,Word2Vec
130,0.12867471575737,8,6149,,,,,GRU,Word2Vec
131,0.1784479022026062,8,6199,,,,,GRU,Word2Vec
132,0.1300538927316665,8,6249,,,,,GRU,Word2Vec
133,0.1626180410385131,8,6299,,,,,GRU,Word2Vec
134,,8,6335,0.3268756568431854,0.8827999830245972,,,GRU,Word2Vec
135,0.1406273245811462,9,6349,,,,,GRU,Word2Vec
136,0.0851949155330658,9,6399,,,,,GRU,Word2Vec
137,0.0552026405930519,9,6449,,,,,GRU,Word2Vec
138,0.0898282974958419,9,6499,,,,,GRU,Word2Vec
139,0.1201465278863906,9,6549,,,,,GRU,Word2Vec
140,0.1016279980540275,9,6599,,,,,GRU,Word2Vec
141,0.0456534475088119,9,6649,,,,,GRU,Word2Vec
142,0.337047278881073,9,6699,,,,,GRU,Word2Vec
143,0.0843452364206314,9,6749,,,,,GRU,Word2Vec
144,0.1475338786840438,9,6799,,,,,GRU,Word2Vec
145,0.0667401328682899,9,6849,,,,,GRU,Word2Vec
146,0.1654991060495376,9,6899,,,,,GRU,Word2Vec
147,0.3672661185264587,9,6949,,,,,GRU,Word2Vec
148,0.0641445815563201,9,6999,,,,,GRU,Word2Vec
149,,9,7039,0.3492462635040283,0.8835999965667725,,,GRU,Word2Vec
150,0.1289135366678238,10,7049,,,,,GRU,Word2Vec
151,0.0144246276468038,10,7099,,,,,GRU,Word2Vec
152,0.0914043709635734,10,7149,,,,,GRU,Word2Vec
153,0.064941257238388,10,7199,,,,,GRU,Word2Vec
154,0.0626742392778396,10,7249,,,,,GRU,Word2Vec
155,0.0147450594231486,10,7299,,,,,GRU,Word2Vec
156,0.1795906275510788,10,7349,,,,,GRU,Word2Vec
157,0.0923373997211456,10,7399,,,,,GRU,Word2Vec
158,0.0464843027293682,10,7449,,,,,GRU,Word2Vec
159,0.2432892173528671,10,7499,,,,,GRU,Word2Vec
160,0.0258660316467285,10,7549,,,,,GRU,Word2Vec
161,0.2435005158185959,10,7599,,,,,GRU,Word2Vec
162,0.1606661677360534,10,7649,,,,,GRU,Word2Vec
163,0.1866706907749176,10,7699,,,,,GRU,Word2Vec
164,,10,7743,0.3682069778442383,0.8723999857902527,,,GRU,Word2Vec
165,0.0932917222380638,11,7749,,,,,GRU,Word2Vec
166,0.1046747416257858,11,7799,,,,,GRU,Word2Vec
167,0.0483946911990642,11,7849,,,,,GRU,Word2Vec
168,0.0101812854409217,11,7899,,,,,GRU,Word2Vec
169,0.1179160848259925,11,7949,,,,,GRU,Word2Vec
170,0.0192845705896615,11,7999,,,,,GRU,Word2Vec
171,0.0378178022801876,11,8049,,,,,GRU,Word2Vec
172,0.1155069321393966,11,8099,,,,,GRU,Word2Vec
173,0.0995787382125854,11,8149,,,,,GRU,Word2Vec
174,0.0169164910912513,11,8199,,,,,GRU,Word2Vec
175,0.0605183318257331,11,8249,,,,,GRU,Word2Vec
176,0.0354962348937988,11,8299,,,,,GRU,Word2Vec
177,0.0373707860708236,11,8349,,,,,GRU,Word2Vec
178,0.1890259683132171,11,8399,,,,,GRU,Word2Vec
179,,11,8447,0.4483918845653534,0.8700000047683716,,,GRU,Word2Vec
180,0.0127203213050961,12,8449,,,,,GRU,Word2Vec
181,0.007749511860311,12,8499,,,,,GRU,Word2Vec
182,0.0347483679652214,12,8549,,,,,GRU,Word2Vec
183,0.0636747777462005,12,8599,,,,,GRU,Word2Vec
184,0.1261395066976547,12,8649,,,,,GRU,Word2Vec
185,0.1172646805644035,12,8699,,,,,GRU,Word2Vec
186,0.0224532801657915,12,8749,,,,,GRU,Word2Vec
187,0.0165861882269382,12,8799,,,,,GRU,Word2Vec
188,0.1488711088895797,12,8849,,,,,GRU,Word2Vec
189,0.15254507958889,12,8899,,,,,GRU,Word2Vec
190,0.0587442182004451,12,8949,,,,,GRU,Word2Vec
191,0.1875439286231994,12,8999,,,,,GRU,Word2Vec
192,0.0948839634656906,12,9049,,,,,GRU,Word2Vec
193,0.0676369965076446,12,9099,,,,,GRU,Word2Vec
194,0.0853953957557678,12,9149,,,,,GRU,Word2Vec
195,,12,9151,0.542449414730072,0.8744000196456909,,,GRU,Word2Vec
196,,12,9152,,,0.5034955739974976,0.8774399757385254,GRU,Word2Vec
